day,date,weekday,route,sights,activities,driving_time,hotel,notes
1,2026-06-19,五,桃園／關西機場－和歌山,"和歌山城
紅葉溪庭園
和歌山城周邊","BR178 桃園 TPE 航站2 06:30 → 關西 KIX 航站1 10:10
關西機場前往 JR 和歌山站，可選快速電車或機場巴士
午餐視抵達時間安排
和歌山城、紅葉溪庭園散策
晚餐：東橫INN 周邊",關西機場 -> JR 和歌山站：40 KM，約 60-90 分,東橫INN JR和歌山站東口,"快速電車：關西機場線轉阪和線，約 60 分，費用約 ¥800-1400。
機場巴士：第 1 航站樓 1F 國際線到達口前往 3 號巴士站，至 JR 和歌山車站，費用約 ¥1400。
住宿：單人房 3 間，獨立衛浴、禁煙、含早餐。"
2,2026-06-20,六,和歌山－貴志川線－和歌山,"和歌山站
伊太祈曾站
貴志車站
小玉咖啡
COBATO BAKE FACTORY
COBATO Parlour","貴志川線 1 日乘車券，全線可自由上下車
和歌山站由地下道前往 9 號月台
點心推薦：小玉咖啡
點心推薦：COBATO BAKE FACTORY、COBATO Parlour
晚餐：東橫INN 周邊",JR 和歌山站 -> 貴志站：14 KM，約 30-40 分,東橫INN JR和歌山站東口,貴志川線 1 日乘車券：NT$161 / 人，KKday：https://www.kkday.com/zh-tw/product/134968-wakayama-electric-railway-kishigawa-line-1-day-pass-japan-instant-confirmation?pkg_oid=413131&go_date=2026-06-20&ced6ab9a0a00fcc3ad9b40d7687488ac=3
3,2026-06-21,日,和歌山－高野山－熊野古道－湯淺溫泉,"高野山
中央食堂 SANBOU
SHOJIN Dining 桐寶珠
Tsukumo
熊野古道
湯淺溫泉 湯淺城","租車自駕：東橫INN 前往高野山
高野山世界遺產散策
熊野古道散策
租車自駕：高野山前往湯淺溫泉
晚餐：湯淺溫泉 湯淺城 二泊一食","東橫INN JR和歌山站東口 -> 高野山：55 KM，約 90-120 分
高野山 -> 湯淺溫泉：75 KM，約 90-120 分",湯淺溫泉 湯淺城,"6/21、6/22 為租車旅行，請留意取車、停車與山路時間。
午餐參考：精進料理簡介 https://tw.tabiiro.travel/gourmet/article/koyasan-kudoyama-lunch/ 。中央食堂 SANBOU、SHOJIN Dining 桐寶珠、Tsukumo 僅作候選參考，不固定納入行程。
晚餐/住宿：湯淺溫泉 湯淺城 二泊一食 https://yuasajyo.jp/stay/ 。
高野山山路近年隧道工程改善，路況相對寬闊平穩。
湯淺城：三人房，IN 15:00-19:00，OUT 11:00。
中途休息點可評估道之驛。"
4,2026-06-22,一,湯淺溫泉－湯淺町老街－黑潮市場－紀州東照宮－和歌山,"湯淺町老街
湯淺車站
Kadoya食堂
日本料理 横楠
湯浅米醤
黑潮市場
紀州東照宮","租車自駕：湯淺溫泉前往湯淺町老街
湯淺町老街散策
租車自駕：湯淺老街前往黑潮市場
黑潮市場散策
租車自駕：黑潮市場前往紀州東照宮
紀州東照宮參拜
晚餐自理","湯淺溫泉 -> 湯淺町老街：5 KM，約 10-15 分
湯淺町老街 -> 黑潮市場：28 KM，約 30 分
黑潮市場 -> 紀州東照宮：8 KM，約 15 分",Candeo Hotels Nankai Wakayama,"6/21、6/22 為租車旅行，請留意停車與回和歌山市區時間。
午餐參考：魩仔魚丼介紹 https://livejapan.com/zh-tw/in-kansai/in-pref-wakayama/in-wakayama_koyasan/article-a2000078/ 。Kadoya食堂、日本料理 横楠、湯浅米醤僅作候選參考，不固定納入行程。
Candeo Hotels Nankai Wakayama：三人房，雙人床加沙發床。
備註：地點好、評價好、早餐很強、房價偏高。"
5,2026-06-23,二,和歌山－臨空 Outlets－關西機場／桃園,"臨空 Premium Outlets
關西國際機場","Candeo Hotels Nankai Wakayama 前往臨空 Premium Outlets
臨空 Premium Outlets 購物
Outlets 前往 KIX，可選 Sky Shuttle 巴士或電鐵/JR
BR129 關西 KIX 航站1 18:30 → 桃園 TPE 航站2 20:30","Candeo Hotels Nankai Wakayama -> 臨空 Premium Outlets：45 KM，約 40-60 分
臨空 Premium Outlets -> 關西機場：8 KM，約 6-20 分",返台,"Outlets 至 KIX 選擇 1：Sky Shuttle 巴士，Bus Stop 1，15:05 → 15:20 最保險，16:05 → 16:20 為最後建議班次，費用約 ¥300。
Outlets 至 KIX 選擇 2：步行至臨空城站，南海電鐵/JR 約 6 分，費用約 ¥370。
Candeo 至臨空 Outlets 可選南海本線往難波方向，泉佐野站轉乘南海機場線至臨空城站，約 60 分加步行 15 分，費用約 ¥780。"
